surface,command_or_tool,core_feature,available_profiles,direct_probe_invocations_not_pass_count
CLI,engine,F09,,0
CLI,search,F03,,29
CLI,embed,F03,,0
CLI,explore,F05,,3
CLI,usages,F05,,3
CLI,implementations,F05,,2
CLI,rename,F05,,2
CLI,map,F07,,5
CLI,insert,F13,,1
CLI,reconcile,F02,,6
CLI,reconcile-fast,F02,,0
CLI,reconcile-full,F02,,0
CLI,batch-reconcile,F02,,0
CLI,verify,F04,,2
CLI,doctor,F13,,2
CLI,clean,F13,,2
CLI,vacuum,F13,,1
CLI,mcp,F12,,0
CLI,report,F15,,0
CLI,cluster,F15,,0
CLI,viz,F15,,0
CLI,arch,F15,,2
CLI,export,F15,,5
CLI,bundle,F15,,1
CLI,setup,F01,,2
CLI,pack,F06,,14
CLI,watch,F14,,1
CLI,trace,F15,,2
CLI,import-scip,F08,,1
CLI,ui-tree,F15,,0
CLI,be-flow,F15,,0
CLI,solution,F15,,0
CLI,scope-receipt,F10,,2
CLI,receipt,F10,,0
CLI,providers,F09,,2
CLI,diff-impact,F11,,6
CLI,claims,F10,,0
CLI,log,F11,,1
CLI,commits,F11,,0
CLI,commit-verdict,F11,,0
CLI,calibrate,F11,,0
MCP,sot_search,F03,core;full;ops,
MCP,sot_explore,F05,full;ops,
MCP,sot_usages,F05,core;full;ops,
MCP,sot_implementations,F05,full;ops,
MCP,sot_verify_drift,F04,core;full;ops,
MCP,sot_doctor,F13,full;ops,
MCP,sot_architecture_report,F15,full;ops,
MCP,sot_communities,F15,full;ops,
MCP,sot_bundle,F15,full;ops,
MCP,sot_pack,F06,core;full;ops,
MCP,sot_map,F07,core;full;ops,
MCP,sot_notes,F13,full;ops,
MCP,sot_trace,F15,full;ops,
MCP,sot_ui_tree,F15,full;ops,
MCP,sot_backend_flow,F15,full;ops,
MCP,sot_solution_inventory,F15,full;ops,
MCP,sot_solution_steps,F15,full;ops,
MCP,sot_solution_bundle,F15,full;ops,
MCP,sot_diff_impact,F11,full;ops,
MCP,sot_reconcile,F02,ops,
MCP,sot_providers_sync,F09,ops,
MCP,sot_cross_check,F09,full;ops,
MCP,sot_git_history,F11,full;ops,
MCP,sot_scope_receipt,F10,core;full;ops,
MCP,sot_diff_impact_receipt,F10,core;full;ops,
MCP,sot_commit_verdict,F11,full;ops,
